"DESCRIPTION","DURATION IN MS","NAME","PARENT SUITE","START TIME","STATUS","STOP TIME","SUB SUITE","SUITE","TEST CLASS","TEST METHOD"
"","0","2. Import update for item status (Check Out transaction)","","Sun May 11 21:14:57 UTC 2025","skipped","Sun May 11 21:14:57 UTC 2025","","Import Item Updates","",""
"","110987","3.2 --- with required Custom Form but not filled out, all optional fields on Form","Add Item","Sun May 11 21:33:58 UTC 2025","failed","Sun May 11 21:35:49 UTC 2025","","3 Add Item with Custom Form","",""
"","17804","1. Edit and verify all values on Person View page","","Sun May 11 21:29:21 UTC 2025","failed","Sun May 11 21:29:39 UTC 2025","","Edit Person","",""
"","0","2 Import Legacy Chain of Custody - Precheck Only","","Sun May 11 21:15:14 UTC 2025","skipped","Sun May 11 21:15:14 UTC 2025","","Import Legacy Chain of Custody","",""
"","0","1.6 Org Admin-- minimum case fields -- redirect to Notes tab on Case View page","Add Case","Sun May 11 21:15:17 UTC 2025","skipped","Sun May 11 21:15:17 UTC 2025","","1. --- No Case Number formatting in Org/Office, AutoDispo ON","",""
"","0","5 Validation messages for invalid values","","Sun May 11 21:15:14 UTC 2025","skipped","Sun May 11 21:15:14 UTC 2025","","Import Legacy Chain of Custody","",""
"","13113","1.3.2 --- with required Custom Form but not filled out, all optional fields on Form","Add User","Sun May 11 21:53:37 UTC 2025","failed","Sun May 11 21:53:50 UTC 2025","","1.3 --- with Custom Forms","",""
"","1","1.3 Org Admin-- minimum case fields -- redirect to Add Item page","Add Case","Sun May 11 21:15:17 UTC 2025","skipped","Sun May 11 21:15:17 UTC 2025","","1. --- No Case Number formatting in Org/Office, AutoDispo ON","",""
"","0","4. Import update for item status (Disposal transaction)","","Sun May 11 21:14:57 UTC 2025","skipped","Sun May 11 21:14:57 UTC 2025","","Import Item Updates","",""
"","11425","2.1. verify that user can add all values","Add Person","Sun May 11 21:45:39 UTC 2025","failed","Sun May 11 21:45:51 UTC 2025","","2. Power User -- all permissions in Office","",""
"","88831","7.1 verify all values are properly saved to the custom form -single user in custom User/User Group field","Add Case","Sun May 11 21:21:00 UTC 2025","failed","Sun May 11 21:22:29 UTC 2025","","7. --- with required Custom Form filled out, all required fields on Form","",""
"","13836","3.2 verify Office Case Number Format with custom validation message","Add Case","Sun May 11 21:17:45 UTC 2025","passed","Sun May 11 21:17:58 UTC 2025","","3. --- with Case Number formatting in Office ","",""
"","466","1. Verify list of already existing services are in place and all listed services have a green status","","Sun May 11 21:15:44 UTC 2025","failed","Sun May 11 21:15:44 UTC 2025","","System Services Page: verify the existing Services are in place, if a new Service gets added =>check the status for all of those","",""
"","63050","1. Edit and verify all values on Case View page -- replace the current values in multiselect fields (Case Officers, Tags)","","Sun May 11 21:17:28 UTC 2025","passed","Sun May 11 21:18:32 UTC 2025","","Edit Case","",""
"","636","3 Import Locations - Precheck Only","","Sun May 11 21:15:33 UTC 2025","failed","Sun May 11 21:15:33 UTC 2025","","Import Locations","",""
"","509","1.1 Email & Task - when Case created - all records - 1 user as email recipient","Workflows","Sun May 11 21:15:52 UTC 2025","failed","Sun May 11 21:15:52 UTC 2025","","1. Case Workflows - all case fields enabled in Org Settings","",""
"","708","2. Import and verify Person with minimum fields","","Sun May 11 21:16:06 UTC 2025","failed","Sun May 11 21:16:07 UTC 2025","","Import People","",""
"","7352","1.9. Only active people should show up in ""Recovered By"" field when searching by first/middle/last name or email","Add Item","Sun May 11 21:32:09 UTC 2025","failed","Sun May 11 21:32:16 UTC 2025","","1. Org Admin","",""
"","80717","3.1. --- with required Custom Form filled out, all required fields on Form","Add Person","Sun May 11 21:45:51 UTC 2025","failed","Sun May 11 21:47:12 UTC 2025","","3. Add Person with Custom Form","",""
"","2","1 Import Legacy Chain of Custody - Checked In transaction","","Sun May 11 21:15:14 UTC 2025","broken","Sun May 11 21:15:14 UTC 2025","","Import Legacy Chain of Custody","",""
"","0","I.C_4 Five thousand cases and verify cases count on search by ","","Sun May 11 21:14:48 UTC 2025","skipped","Sun May 11 21:14:48 UTC 2025","","Import Cases","",""
"","40570","1.1.4 validation message for inactive user account","Add User","Sun May 11 21:52:30 UTC 2025","passed","Sun May 11 21:53:10 UTC 2025","","1.1 Org Admin","",""
"","22618","A.M_2. Add Media to Item","","Sun May 11 21:41:15 UTC 2025","passed","Sun May 11 21:41:37 UTC 2025","","Add Media","",""
"","7170","1.3. Add Item from Case View /Items tab -- redirect to Add Item page again","Add Item","Sun May 11 21:29:10 UTC 2025","failed","Sun May 11 21:29:17 UTC 2025","","1. Org Admin","",""
"","38292","1.1. All fields enabled -- redirect to View Added Person","Add Person","Sun May 11 21:43:58 UTC 2025","passed","Sun May 11 21:44:37 UTC 2025","","1. Org Admin","",""
"","0","1.7. Create and run DR for single child location - multiple Discrepancies Found","Inventory Reports","Sun May 11 21:14:31 UTC 2025","skipped","Sun May 11 21:14:31 UTC 2025","","1. Parent/child locations with items but without containers","",""
"","2","5 Five thousand notes for Case and verify notes count on search","","Sun May 11 21:15:55 UTC 2025","skipped","Sun May 11 21:15:55 UTC 2025","","Import Notes","",""
"","620","6 Validation messages for not mapped fields","","Sun May 11 21:15:55 UTC 2025","failed","Sun May 11 21:15:56 UTC 2025","","Import Notes","",""
"","1","1 Import Locations with all fields","","Sun May 11 21:15:33 UTC 2025","broken","Sun May 11 21:15:33 UTC 2025","","Import Locations","",""
"","2","I.C_1 Case with all fields -- user and user group in Case Officer(s) field","","Sun May 11 21:14:48 UTC 2025","broken","Sun May 11 21:14:48 UTC 2025","","Import Cases","",""
"","49756","3. Remove all optional values & check history records","","Sun May 11 21:26:35 UTC 2025","passed","Sun May 11 21:27:25 UTC 2025","","Edit Item","",""
"","0","1.2 Org Admin-- minimum case fields -- redirect to Add Case page again","Add Case","Sun May 11 21:15:17 UTC 2025","skipped","Sun May 11 21:15:17 UTC 2025","","1. --- No Case Number formatting in Org/Office, AutoDispo ON","",""
"","0","1.4 Org Admin-- minimum case fields -- redirect to Add Person page","Add Case","Sun May 11 21:15:17 UTC 2025","skipped","Sun May 11 21:15:17 UTC 2025","","1. --- No Case Number formatting in Org/Office, AutoDispo ON","",""
"","88295","2. Edit and verify all values on Item View page -- keep the previous values in multiselect fields  - Tags & Item Belongs To; 2.1. hitting *enter* button does not wipe out Additional Barcode","","Sun May 11 21:25:06 UTC 2025","passed","Sun May 11 21:26:35 UTC 2025","","Edit Item","",""
"","74802","3.5 --- Splitting item with Currency Form attached","Add Item","Sun May 11 21:37:48 UTC 2025","passed","Sun May 11 21:39:03 UTC 2025","","3 Add Item with Custom Form","",""
"","516","2.1 Cancelling warning keeps user logged in on other machine","Login page","Sun May 11 21:15:25 UTC 2025","failed","Sun May 11 21:15:25 UTC 2025","","2. Warning that user is logged in on other browser or device","",""
"","100818","9.1 verify multiple Users and Groups can be saved in Case Officers field and Custom User/User Group","Add Case","Sun May 11 21:24:24 UTC 2025","failed","Sun May 11 21:26:04 UTC 2025","","9. --- with multiple users/groups in Case Officers field","",""
"","610","9 Validation messages for blank values","","Sun May 11 21:15:57 UTC 2025","failed","Sun May 11 21:15:58 UTC 2025","","Import Notes","",""
"","157","2.2. Scanning some barcodes multiple times and checking all types of discrepancies in one Report: ""Barcode valid but not found in the system""""Items Not Scanned"", ""Wrong Storage Location"",""Container Not Scanned"",""Containers in Wrong Location""","Inventory Reports","Sun May 11 21:14:32 UTC 2025","failed","Sun May 11 21:14:32 UTC 2025","","2. Parent/child locations with items and containers","",""
"","594","1 Import Notes for Case","","Sun May 11 21:15:53 UTC 2025","failed","Sun May 11 21:15:54 UTC 2025","","Import Notes","",""
"","22383","8. Add a Case with disabled fields & check if required fields are displayed properly on Case Edit page after enabling","","Sun May 11 21:22:19 UTC 2025","passed","Sun May 11 21:22:42 UTC 2025","","Edit Case","",""
"","0","I.C_5 Case Import - Precheck Only","","Sun May 11 21:14:48 UTC 2025","skipped","Sun May 11 21:14:48 UTC 2025","","Import Cases","",""
"","2","I.N_5 Five thousand tasks and verify count on search","","Sun May 11 21:15:23 UTC 2025","skipped","Sun May 11 21:15:23 UTC 2025","","Import Tasks","",""
"","31270","3.1 verify Office Case Number Format with default validation message","Add Case","Sun May 11 21:17:13 UTC 2025","failed","Sun May 11 21:17:45 UTC 2025","","3. --- with Case Number formatting in Office ","",""
"","2","2. Item with all fields - Disposed Status","","Sun May 11 21:15:05 UTC 2025","broken","Sun May 11 21:15:05 UTC 2025","","Import Items","",""
"","46564","3. Edit and verify reduced number of values on Case View page -- enter User Group instead of User as Case Officer","","Sun May 11 21:19:36 UTC 2025","passed","Sun May 11 21:20:22 UTC 2025","","Edit Case","",""
"","39645","1.1.2. add user with required fields only","Add User","Sun May 11 21:51:41 UTC 2025","passed","Sun May 11 21:52:21 UTC 2025","","1.1 Org Admin","",""
"","0","2 Import Person with all updated fields - Precheck Only","","Sun May 11 21:16:16 UTC 2025","skipped","Sun May 11 21:16:16 UTC 2025","","Import People Updates","",""
"","22537","1.3. Business Name populated only -- redirect to Add Item page","Add Person","Sun May 11 21:44:59 UTC 2025","passed","Sun May 11 21:45:21 UTC 2025","","1. Org Admin","",""
"","22960","2.1 verify Org Case Number Format and check that Case Review Date/Notes is NOT displayed for Org Admin","Add Case","Sun May 11 21:15:24 UTC 2025","passed","Sun May 11 21:15:47 UTC 2025","","2. --- with Case Number formatting in Org, AutoDispo OFF ","",""
"","43452","1.7. Add Item from Person View/ ""Items Belonging to"" tab -- redirect to Add Duplicate Item page and complete the action","Add Item","Sun May 11 21:30:39 UTC 2025","passed","Sun May 11 21:31:22 UTC 2025","","1. Org Admin","",""
"","94868","8.1 verify that required custom form is attached to the case with blank fields","Add Case","Sun May 11 21:22:38 UTC 2025","failed","Sun May 11 21:24:13 UTC 2025","","8. --- with required Custom Form but not filled out, all optional fields on Form","",""
"","1","1.3. DR for multiple parent and child locations - starting with Parent loc - No Discrepancies Found","Inventory Reports","Sun May 11 21:14:31 UTC 2025","skipped","Sun May 11 21:14:31 UTC 2025","","1. Parent/child locations with items but without containers","",""
"","37314","1.6. Add Item from Person View/ Items Recovered By -- redirect to Item View/ Notes tab","Add Item","Sun May 11 21:30:01 UTC 2025","passed","Sun May 11 21:30:39 UTC 2025","","1. Org Admin","",""
"","196","2. Verify Transfer transaction and enabled/disabled actions for Checked Out item","","Sun May 11 21:35:52 UTC 2025","failed","Sun May 11 21:35:52 UTC 2025","","Item Transactions & Actions","",""
"","1","1.1. DR for single parent location - No Discrepancies Found","Inventory Reports","Sun May 11 21:14:31 UTC 2025","broken","Sun May 11 21:14:31 UTC 2025","","1. Parent/child locations with items but without containers","",""
"","61979","A.N_1. Add Note to Case","","Sun May 11 21:42:41 UTC 2025","failed","Sun May 11 21:43:43 UTC 2025","","Add Notes","",""
"","30230","4.1 verify Org Default Case Number Prefix, clear a default value and save the other one","Add Case","Sun May 11 21:18:05 UTC 2025","passed","Sun May 11 21:18:35 UTC 2025","","4. --- with Default Case Number in Org ","",""
"","80827","2.2 verify Org Case Number Format with custom validation message","Add Case","Sun May 11 21:15:47 UTC 2025","failed","Sun May 11 21:17:08 UTC 2025","","2. --- with Case Number formatting in Org, AutoDispo OFF ","",""
"","0","6. Import update for item status (CheckIn transaction)","","Sun May 11 21:14:57 UTC 2025","skipped","Sun May 11 21:14:57 UTC 2025","","Import Item Updates","",""
"","672","I.T_1.1 Import Legacy Tasks for Case","","Sun May 11 21:15:22 UTC 2025","failed","Sun May 11 21:15:22 UTC 2025","","Import Tasks","",""
"","17826","1.4. redirect to Case View page","Add Person","Sun May 11 21:45:21 UTC 2025","passed","Sun May 11 21:45:39 UTC 2025","","1. Org Admin","",""
"","3","5 Five thousand notes for Item and verify notes count on search","","Sun May 11 21:15:55 UTC 2025","skipped","Sun May 11 21:15:55 UTC 2025","","Import Notes","",""
"","0","1.6. Create and run DR for single parent location - multiple Discrepancies Found","Inventory Reports","Sun May 11 21:14:31 UTC 2025","skipped","Sun May 11 21:14:31 UTC 2025","","1. Parent/child locations with items but without containers","",""
"","19581","4. Add a Person with disabled fields & check if those are shown up on Person Edit page after enabling all of the rest of the fields and editing Business Name / First Name / Last Name","","Sun May 11 21:30:49 UTC 2025","passed","Sun May 11 21:31:09 UTC 2025","","Edit Person","",""
"","699","I.U_1 Import and verify User with all fields","","Sun May 11 21:16:26 UTC 2025","failed","Sun May 11 21:16:27 UTC 2025","","Import Users","",""
"","86673","3.1 Verify ""Re-Distribute"" for ""Past Due"" cases","Auto-Disposition","Sun May 11 21:15:20 UTC 2025","failed","Sun May 11 21:16:46 UTC 2025","","3. Verify ""Re-Distribute Case Review Dates"" functionality","",""
"","0","1.4. Create and run DR for multiple parent and child locations - starting with Child loc -  No Discrepancies Found","Inventory Reports","Sun May 11 21:14:31 UTC 2025","skipped","Sun May 11 21:14:31 UTC 2025","","1. Parent/child locations with items but without containers","",""
"","68708","3.4 --- Duplicating item with Currency Form attached","Add Item","Sun May 11 21:36:39 UTC 2025","passed","Sun May 11 21:37:48 UTC 2025","","3 Add Item with Custom Form","",""
"","8397","1.1.3 validation message for missing permissions","Add User","Sun May 11 21:52:21 UTC 2025","failed","Sun May 11 21:52:30 UTC 2025","","1.1 Org Admin","",""
"","616","7 Validation messages for wrongly formatted values","","Sun May 11 21:15:56 UTC 2025","failed","Sun May 11 21:15:56 UTC 2025","","Import Notes","",""
"","254","1.1.1 equals {email of the user (current user) who created a case}","Cases Search","Sun May 11 21:14:49 UTC 2025","failed","Sun May 11 21:14:49 UTC 2025","1.1 Created By","1 Org Admin","",""
"","49331","3.3 --- with required Currency Form attached - System Template","Add Item","Sun May 11 21:35:49 UTC 2025","passed","Sun May 11 21:36:39 UTC 2025","","3 Add Item with Custom Form","",""
"","167","1.2 Validation messages","","Sun May 11 21:15:25 UTC 2025","failed","Sun May 11 21:15:25 UTC 2025","","Login page","",""
"","12472","1.3.1 --- with required Custom Form filled out, all required fields on Form","Add User","Sun May 11 21:53:24 UTC 2025","failed","Sun May 11 21:53:37 UTC 2025","","1.3 --- with Custom Forms","",""
"","1","I.C.U_2 Case Updates Import - Precheck Only","","Sun May 11 21:14:40 UTC 2025","skipped","Sun May 11 21:14:40 UTC 2025","","Import Case Updates","",""
"","12753","1.1.1 Add task with required fields only -- Unassigned-- keep template content-- search for task on the grid by Creator name-- verify values on grid","Add Task","Sun May 11 21:49:27 UTC 2025","failed","Sun May 11 21:49:40 UTC 2025","","1.1 Org Admin","",""
"","578","1.1 all fields turned on and edited, ""overwrite existing values"" turned OFF","Mass Update Cases","Sun May 11 21:14:40 UTC 2025","failed","Sun May 11 21:14:41 UTC 2025","","1. all fields enabled in Org Settings","",""
"","21380","1.2. Optional fields disabled -- First & Last Name populated -- redirect to Add Person page again","Add Person","Sun May 11 21:44:37 UTC 2025","passed","Sun May 11 21:44:59 UTC 2025","","1. Org Admin","",""
"","26817","4.2 verify Org Default Case Number Prefix, keep a default value as part of the Case Number","Add Case","Sun May 11 21:18:35 UTC 2025","passed","Sun May 11 21:19:02 UTC 2025","","4. --- with Default Case Number in Org ","",""
"","124","3. Scanning 1000 items during Inventory report","Inventory Reports","Sun May 11 21:14:32 UTC 2025","failed","Sun May 11 21:14:32 UTC 2025","","2. Scanning 1000 items","",""
"","101606","2.1 Add User to a Group, then add to another Group --> Verify that previous User Group is not overwritten","","Sun May 11 21:33:21 UTC 2025","passed","Sun May 11 21:35:02 UTC 2025","","Edit User","",""
"","1","4 Validation messages for wrongly formatted values","","Sun May 11 21:15:14 UTC 2025","skipped","Sun May 11 21:15:14 UTC 2025","","Import Legacy Chain of Custody","",""
"","610","3. Import Person with all fields - Precheck Only","","Sun May 11 21:16:07 UTC 2025","failed","Sun May 11 21:16:08 UTC 2025","","Import People","",""
"","0","1.5 Org Admin-- minimum case fields -- redirect to Media tab on Case View page","Add Case","Sun May 11 21:15:17 UTC 2025","skipped","Sun May 11 21:15:17 UTC 2025","","1. --- No Case Number formatting in Org/Office, AutoDispo ON","",""
"","0","I.C_3 Case with custom fields","","Sun May 11 21:14:48 UTC 2025","skipped","Sun May 11 21:14:48 UTC 2025","","Import Cases","",""
"","53467","1.1 All fields enabled -- ""Item Belongs To Shows All People"" turned ON in Org Settings -- multiple people not linked to Primary Case are selected in ""Item Belongs to"" field ","Add Item","Sun May 11 21:27:55 UTC 2025","passed","Sun May 11 21:28:49 UTC 2025","","1. Org Admin","",""
"","322942","Add Dispo Task with 11 1DA items and assign to Org Admin, --set different actions for item using all variations--using Actions menu and grid, --check statuses and notes upon submission","","Sun May 11 21:54:32 UTC 2025","failed","Sun May 11 21:59:55 UTC 2025","","Dispo Auth","",""
"","711","8 Validation messages for invalid values","","Sun May 11 21:15:56 UTC 2025","failed","Sun May 11 21:15:57 UTC 2025","","Import Notes","",""
"","22422","A.M_3. Add Media to Person","","Sun May 11 21:41:37 UTC 2025","passed","Sun May 11 21:42:00 UTC 2025","","Add Media","",""
"","40905","7. Remove all optional values & check history records","","Sun May 11 21:21:38 UTC 2025","passed","Sun May 11 21:22:19 UTC 2025","","Edit Case","",""
"","0","6 Validation messages for blank values","","Sun May 11 21:15:14 UTC 2025","skipped","Sun May 11 21:15:14 UTC 2025","","Import Legacy Chain of Custody","",""
"","3","A.U_3. Add External User","Add User","Sun May 11 21:53:10 UTC 2025","skipped","Sun May 11 21:53:10 UTC 2025","","1.1 Org Admin","",""
"","108133","1 Edit newly added user, change all values, verify on the grid, and check all/active/inactive filters","","Sun May 11 21:31:32 UTC 2025","failed","Sun May 11 21:33:21 UTC 2025","","Edit User","",""
"","43317","A.M_1. Add Media to Case","","Sun May 11 21:40:31 UTC 2025","passed","Sun May 11 21:41:15 UTC 2025","","Add Media","",""
"","23421","5. Add an Item with disabled non required / required fields & check if those are shown up on Item Edit page after enabling","","Sun May 11 21:28:00 UTC 2025","passed","Sun May 11 21:28:23 UTC 2025","","Edit Item","",""
"","23067","4.3 verify Org Default Case Number Prefix and Org Formatting pattern, before and after page reload","Add Case","Sun May 11 21:19:03 UTC 2025","passed","Sun May 11 21:19:26 UTC 2025","","4. --- with Default Case Number in Org ","",""
"","91983","3.1 --- with required Custom Form filled out, all required fields on Form","Add Item","Sun May 11 21:32:26 UTC 2025","failed","Sun May 11 21:33:58 UTC 2025","","3 Add Item with Custom Form","",""
"","902","1.8. Create and run DR for multiple storage locations - multiple Discrepancies Found","Inventory Reports","Sun May 11 21:14:31 UTC 2025","failed","Sun May 11 21:14:32 UTC 2025","","1. Parent/child locations with items but without containers","",""
"","7240","1.4. Add item from Item Search -- redirect to Case View /Items tab","Add Item","Sun May 11 21:29:17 UTC 2025","failed","Sun May 11 21:29:24 UTC 2025","","1. Org Admin","",""
"","13984","1.2.1. Office Admin can create a new user account","Add User","Sun May 11 21:53:10 UTC 2025","failed","Sun May 11 21:53:24 UTC 2025","","1.2 Power User -- all permissions in Office","",""
"","0","I.C_2 Case with minimum number of fields","","Sun May 11 21:14:48 UTC 2025","skipped","Sun May 11 21:14:48 UTC 2025","","Import Cases","",""
"","24929","5. Case Number Formatting at Office level -- old case that was saved without formatting can be edited without changing Case Number or changing it with proper format","","Sun May 11 21:20:49 UTC 2025","passed","Sun May 11 21:21:14 UTC 2025","","Edit Case","",""
"","646","2 Import Notes for Item","","Sun May 11 21:15:54 UTC 2025","failed","Sun May 11 21:15:54 UTC 2025","","Import Notes","",""
"","454","2.2 Confirmation on warning modal completes login and logs out user on other machine","Login page","Sun May 11 21:15:25 UTC 2025","failed","Sun May 11 21:15:26 UTC 2025","","2. Warning that user is logged in on other browser or device","",""
"","526","1. Report from Case View page - Items tab","Reports","Sun May 11 21:15:35 UTC 2025","failed","Sun May 11 21:15:35 UTC 2025","","Verify generating and opening Report ""Primary Label 4X3""","",""
"","722","1. Import and verify People with all fields - 1 person linked to 1 case, other person linked to 2 cases","","Sun May 11 21:16:05 UTC 2025","failed","Sun May 11 21:16:06 UTC 2025","","Import People","",""
"","639","3 Import Notes for Case - Precheck Only","","Sun May 11 21:15:54 UTC 2025","failed","Sun May 11 21:15:55 UTC 2025","","Import Notes","",""
"","158","S.I_1. Search by Item Description","","Sun May 11 21:15:06 UTC 2025","failed","Sun May 11 21:15:06 UTC 2025","","Search Item","",""
"","0","1.5. Create and run DR for multiple parent and child locations  - starting with Child loc - switching back to parent location-  No Discrepancies Found","Inventory Reports","Sun May 11 21:14:31 UTC 2025","skipped","Sun May 11 21:14:31 UTC 2025","","1. Parent/child locations with items but without containers","",""
"","0","2 Import Locations with required fields - verify default properties","","Sun May 11 21:15:33 UTC 2025","skipped","Sun May 11 21:15:33 UTC 2025","","Import Locations","",""
"","9685","2.1 verify that user can add all values but can select only Storage Location(s) that s/he has access to","Add Item","Sun May 11 21:32:16 UTC 2025","failed","Sun May 11 21:32:26 UTC 2025","","2 Power User -- all permissions in Office, with and without access to Storage Location","",""
"","32981","4. Edit and verify reduced number of values on Item View page ","","Sun May 11 21:27:26 UTC 2025","passed","Sun May 11 21:27:59 UTC 2025","","Edit Item","",""
"","799","1 Import Media","","Sun May 11 21:15:43 UTC 2025","failed","Sun May 11 21:15:44 UTC 2025","","Import Media","",""
"","0","7. Item Updates Import - Precheck Only","","Sun May 11 21:14:57 UTC 2025","skipped","Sun May 11 21:14:57 UTC 2025","","Import Item Updates","",""
"","0","3 Validation messages for not mapped fields","","Sun May 11 21:15:14 UTC 2025","skipped","Sun May 11 21:15:14 UTC 2025","","Import Legacy Chain of Custody","",""
"","1","3. Import update for item status (Move transaction)","","Sun May 11 21:14:57 UTC 2025","skipped","Sun May 11 21:14:57 UTC 2025","","Import Item Updates","",""
"","93106","3.2. --- with required Custom Form but not filled out, all optional fields on Form","Add Person","Sun May 11 21:47:12 UTC 2025","failed","Sun May 11 21:48:45 UTC 2025","","3. Add Person with Custom Form","",""
"","31459","6.1 verify Auto Assigned Case Number with Default Case Number Prefix","Add Case","Sun May 11 21:20:20 UTC 2025","passed","Sun May 11 21:20:51 UTC 2025","","6. --- with Auto Assigned Case Number ","",""
"","0","1.2. DR for single child location - No Discrepancies Found","Inventory Reports","Sun May 11 21:14:31 UTC 2025","skipped","Sun May 11 21:14:31 UTC 2025","","1. Parent/child locations with items but without containers","",""
"","78637","1. Edit and verify all values on Item View page -- replace the current values in multiselect fields - Tags & Item Belongs To","","Sun May 11 21:23:46 UTC 2025","passed","Sun May 11 21:25:04 UTC 2025","","Edit Item","",""
"","35006","3. Edit and verify reduced number of values on Person View page - Business Name","","Sun May 11 21:30:13 UTC 2025","passed","Sun May 11 21:30:48 UTC 2025","","Edit Person","",""
"","155","1.1.1 'equals' correct Person's name","Search Checkouts","Sun May 11 21:14:57 UTC 2025","failed","Sun May 11 21:14:57 UTC 2025","1.1 Checked Out To","1 Org Admin","",""
"","1","I.C.U_1. Import Case Updates - all fields -- user and user group in Case Officer(s) field","","Sun May 11 21:14:40 UTC 2025","broken","Sun May 11 21:14:40 UTC 2025","","Import Case Updates","",""
"","39302","5.1 verify Office Default Case Number Prefix","Add Case","Sun May 11 21:19:32 UTC 2025","failed","Sun May 11 21:20:11 UTC 2025","","5. --- with Default Case Number in Office ","",""
"","1","1.1 Org Admin-- All fields enabled -- redirect to View Added Case","Add Case","Sun May 11 21:15:17 UTC 2025","broken","Sun May 11 21:15:17 UTC 2025","","1. --- No Case Number formatting in Org/Office, AutoDispo ON","",""
"","19395","A.M_4. Add Media to Task","","Sun May 11 21:42:00 UTC 2025","passed","Sun May 11 21:42:19 UTC 2025","","Add Media","",""
"","23837","6. Auto-Assigned Case Number -- Case Number can be edited when Auto-assigning of Case Numbers is enabled for new cases","","Sun May 11 21:21:14 UTC 2025","passed","Sun May 11 21:21:38 UTC 2025","","Edit Case","",""
"","16696","Add User ","","Sun May 11 21:49:50 UTC 2025","failed","Sun May 11 21:50:07 UTC 2025","","Add User","",""
"","3397","U.A_1. Send verification email","","Sun May 11 21:15:13 UTC 2025","failed","Sun May 11 21:15:17 UTC 2025","","User Actions","",""
"","596","I.U_1 Import User with all fields - Precheck Only","","Sun May 11 21:16:27 UTC 2025","failed","Sun May 11 21:16:28 UTC 2025","","Import Users","",""
"","128","2.1. Create and run DR for 2 storage locations that have: container with item, empty container, sub-location, empty sub-container and sub-container with item - No Discrepancies Found","Inventory Reports","Sun May 11 21:14:32 UTC 2025","failed","Sun May 11 21:14:32 UTC 2025","","2. Parent/child locations with items and containers","",""
"","5","1. Import Person with all updated fields","","Sun May 11 21:16:16 UTC 2025","broken","Sun May 11 21:16:16 UTC 2025","","Import People Updates","",""
"","659","2 Import Media - Precheck Only","","Sun May 11 21:15:44 UTC 2025","failed","Sun May 11 21:15:44 UTC 2025","","Import Media","",""
"","1","1. Import updates for all item fields","","Sun May 11 21:14:57 UTC 2025","broken","Sun May 11 21:14:57 UTC 2025","","Import Item Updates","",""
"","60461","2. Edit and verify all values on Case View page -- keep the previous values and add new ones in multiselect fields (Case Officers, Tags)","","Sun May 11 21:18:34 UTC 2025","passed","Sun May 11 21:19:34 UTC 2025","","Edit Case","",""
"","25680","4.  Case Number Formatting at Org level -- old case that was saved without formatting can be edited without changing Case Number or changing it with proper format","","Sun May 11 21:20:23 UTC 2025","passed","Sun May 11 21:20:49 UTC 2025","","Edit Case","",""
"","0","5. Import update for item status (Undispose transaction)","","Sun May 11 21:14:57 UTC 2025","skipped","Sun May 11 21:14:57 UTC 2025","","Import Item Updates","",""
"","20489","1.2. Optional fields disabled -- redirect to View Added Item -- Item Belongs To Shows All People"" turned OFF in Org Settings -- multiple values selected for ""Item Belongs to"" and Tags","Add Item","Sun May 11 21:28:49 UTC 2025","failed","Sun May 11 21:29:09 UTC 2025","","1. Org Admin","",""
"","33526","2. Edit and verify reduced number of values on Person View page - First & Last Name","","Sun May 11 21:29:39 UTC 2025","passed","Sun May 11 21:30:12 UTC 2025","","Edit Person","",""
"","37094","1.5. Add item from Scan page -- redirect to Item View/Media tab","Add Item","Sun May 11 21:29:24 UTC 2025","passed","Sun May 11 21:30:01 UTC 2025","","1. Org Admin","",""
"","0","1.7 Power User can add case and view/enter/update Review Date/Notes when having AutoDispo permissions","Add Case","Sun May 11 21:15:17 UTC 2025","skipped","Sun May 11 21:15:17 UTC 2025","","1. --- No Case Number formatting in Org/Office, AutoDispo ON","",""
"","46315","1.8. Add Item from Person View/ Items Custodian tab -- redirect to Split Item page and complete the action","Add Item","Sun May 11 21:31:23 UTC 2025","passed","Sun May 11 21:32:09 UTC 2025","","1. Org Admin","",""
"","751","I.T_1.2 Import Legacy Tasks for Case - Precheck Only","","Sun May 11 21:15:22 UTC 2025","failed","Sun May 11 21:15:23 UTC 2025","","Import Tasks","",""
"","65947","1.1.1. add user with all fields -- log in with newly created account","Add User","Sun May 11 21:50:35 UTC 2025","passed","Sun May 11 21:51:41 UTC 2025","","1.1 Org Admin","",""
